image_name,noise_type
cardboard1.jpg,Periodic
cardboard10.jpg,Gaussian
cardboard100.jpg,Gaussian
cardboard101.jpg,Gaussian
cardboard102.jpg,Periodic
cardboard103.jpg,Periodic
cardboard104.jpg,Gaussian
cardboard105.jpg,Gaussian
cardboard106.jpg,Gaussian
cardboard107.jpg,Periodic
cardboard108.jpg,Periodic
cardboard109.jpg,Periodic
cardboard11.jpg,Gaussian
cardboard110.jpg,Periodic
cardboard111.jpg,Gaussian
cardboard112.jpg,Periodic
cardboard113.jpg,Salt & Pepper
cardboard114.jpg,Gaussian
cardboard115.jpg,Salt & Pepper
cardboard116.jpg,Gaussian
cardboard117.jpg,Gaussian
cardboard118.jpg,Salt & Pepper
cardboard119.jpg,Salt & Pepper
cardboard12.jpg,Periodic
cardboard120.jpg,Periodic
cardboard121.jpg,Salt & Pepper
cardboard122.jpg,Periodic
cardboard123.jpg,Periodic
cardboard124.jpg,Periodic
cardboard125.jpg,Periodic
cardboard126.jpg,Gaussian
cardboard127.jpg,Salt & Pepper
cardboard128.jpg,Gaussian
cardboard129.jpg,Salt & Pepper
cardboard13.jpg,Salt & Pepper
cardboard130.jpg,Gaussian
cardboard131.jpg,Salt & Pepper
cardboard132.jpg,Periodic
cardboard133.jpg,Periodic
cardboard134.jpg,Periodic
cardboard135.jpg,Periodic
cardboard136.jpg,Gaussian
cardboard137.jpg,Salt & Pepper
cardboard138.jpg,Periodic
cardboard139.jpg,Periodic
cardboard14.jpg,Gaussian
cardboard140.jpg,Gaussian
cardboard141.jpg,Salt & Pepper
cardboard142.jpg,Gaussian
cardboard143.jpg,Periodic
cardboard144.jpg,Gaussian
cardboard145.jpg,Salt & Pepper
cardboard146.jpg,Gaussian
cardboard147.jpg,Gaussian
cardboard148.jpg,Periodic
cardboard149.jpg,Periodic
cardboard15.jpg,Periodic
cardboard150.jpg,Salt & Pepper
cardboard151.jpg,Gaussian
cardboard152.jpg,Salt & Pepper
cardboard153.jpg,Gaussian
cardboard154.jpg,Gaussian
cardboard155.jpg,Periodic
cardboard156.jpg,Periodic
cardboard157.jpg,Salt & Pepper
cardboard158.jpg,Periodic
cardboard159.jpg,Periodic
cardboard16.jpg,Periodic
cardboard160.jpg,Periodic
cardboard161.jpg,Periodic
cardboard162.jpg,Periodic
cardboard163.jpg,Gaussian
cardboard164.jpg,Salt & Pepper
cardboard165.jpg,Salt & Pepper
cardboard166.jpg,Periodic
cardboard167.jpg,Periodic
cardboard168.jpg,Periodic
cardboard169.jpg,Periodic
cardboard17.jpg,Periodic
cardboard170.jpg,Gaussian
cardboard171.jpg,Gaussian
cardboard172.jpg,Periodic
cardboard173.jpg,Periodic
cardboard174.jpg,Salt & Pepper
cardboard175.jpg,Gaussian
cardboard176.jpg,Salt & Pepper
cardboard177.jpg,Gaussian
cardboard178.jpg,Periodic
cardboard179.jpg,Gaussian
cardboard18.jpg,Gaussian
cardboard180.jpg,Gaussian
cardboard181.jpg,Periodic
cardboard182.jpg,Periodic
cardboard183.jpg,Salt & Pepper
cardboard184.jpg,Periodic
cardboard185.jpg,Gaussian
cardboard186.jpg,Periodic
cardboard187.jpg,Periodic
cardboard188.jpg,Salt & Pepper
cardboard189.jpg,Salt & Pepper
cardboard19.jpg,Salt & Pepper
cardboard190.jpg,Gaussian
cardboard191.jpg,Gaussian
cardboard192.jpg,Gaussian
cardboard193.jpg,Periodic
cardboard194.jpg,Periodic
cardboard195.jpg,Gaussian
cardboard196.jpg,Periodic
cardboard197.jpg,Gaussian
cardboard198.jpg,Gaussian
cardboard199.jpg,Gaussian
cardboard2.jpg,Gaussian
cardboard20.jpg,Periodic
cardboard200.jpg,Gaussian
cardboard201.jpg,Gaussian
cardboard202.jpg,Periodic
cardboard203.jpg,Gaussian
cardboard204.jpg,Salt & Pepper
cardboard205.jpg,Gaussian
cardboard206.jpg,Periodic
cardboard207.jpg,Salt & Pepper
cardboard208.jpg,Salt & Pepper
cardboard209.jpg,Periodic
cardboard21.jpg,Periodic
cardboard210.jpg,Gaussian
cardboard211.jpg,Periodic
cardboard212.jpg,Gaussian
cardboard213.jpg,Gaussian
cardboard214.jpg,Periodic
cardboard215.jpg,Gaussian
cardboard216.jpg,Gaussian
cardboard217.jpg,Salt & Pepper
cardboard218.jpg,Gaussian
cardboard219.jpg,Periodic
cardboard22.jpg,Gaussian
cardboard220.jpg,Gaussian
cardboard221.jpg,Gaussian
cardboard222.jpg,Salt & Pepper
cardboard223.jpg,Salt & Pepper
cardboard224.jpg,Salt & Pepper
cardboard225.jpg,Gaussian
cardboard226.jpg,Gaussian
cardboard227.jpg,Salt & Pepper
cardboard228.jpg,Salt & Pepper
cardboard229.jpg,Periodic
cardboard23.jpg,Gaussian
cardboard230.jpg,Salt & Pepper
cardboard231.jpg,Gaussian
cardboard232.jpg,Periodic
cardboard233.jpg,Periodic
cardboard234.jpg,Gaussian
cardboard235.jpg,Periodic
cardboard236.jpg,Periodic
cardboard237.jpg,Gaussian
cardboard238.jpg,Gaussian
cardboard239.jpg,Gaussian
cardboard24.jpg,Gaussian
cardboard25.jpg,Salt & Pepper
cardboard26.jpg,Periodic
cardboard27.jpg,Periodic
cardboard28.jpg,Periodic
cardboard29.jpg,Salt & Pepper
cardboard3.jpg,Periodic
cardboard30.jpg,Salt & Pepper
cardboard31.jpg,Periodic
cardboard32.jpg,Gaussian
cardboard33.jpg,Salt & Pepper
cardboard34.jpg,Periodic
cardboard35.jpg,Salt & Pepper
cardboard36.jpg,Gaussian
cardboard37.jpg,Salt & Pepper
cardboard38.jpg,Periodic
cardboard39.jpg,Gaussian
cardboard4.jpg,Gaussian
cardboard40.jpg,Salt & Pepper
cardboard41.jpg,Salt & Pepper
cardboard42.jpg,Gaussian
cardboard43.jpg,Salt & Pepper
cardboard44.jpg,Salt & Pepper
cardboard45.jpg,Periodic
cardboard46.jpg,Periodic
cardboard47.jpg,Periodic
cardboard48.jpg,Periodic
cardboard49.jpg,Gaussian
cardboard5.jpg,Gaussian
cardboard50.jpg,Periodic
cardboard51.jpg,Salt & Pepper
cardboard52.jpg,Periodic
cardboard53.jpg,Periodic
cardboard54.jpg,Gaussian
cardboard55.jpg,Periodic
cardboard56.jpg,Salt & Pepper
cardboard57.jpg,Gaussian
cardboard58.jpg,Salt & Pepper
cardboard59.jpg,Gaussian
cardboard6.jpg,Gaussian
cardboard60.jpg,Gaussian
cardboard61.jpg,Periodic
cardboard62.jpg,Periodic
cardboard63.jpg,Gaussian
cardboard64.jpg,Periodic
cardboard65.jpg,Periodic
cardboard66.jpg,Salt & Pepper
cardboard67.jpg,Periodic
cardboard68.jpg,Salt & Pepper
cardboard69.jpg,Gaussian
cardboard7.jpg,Salt & Pepper
cardboard70.jpg,Salt & Pepper
cardboard71.jpg,Periodic
cardboard72.jpg,Periodic
cardboard73.jpg,Salt & Pepper
cardboard74.jpg,Salt & Pepper
cardboard75.jpg,Periodic
cardboard76.jpg,Gaussian
cardboard77.jpg,Gaussian
cardboard78.jpg,Gaussian
cardboard79.jpg,Periodic
cardboard8.jpg,Salt & Pepper
cardboard80.jpg,Salt & Pepper
cardboard81.jpg,Periodic
cardboard82.jpg,Salt & Pepper
cardboard83.jpg,Salt & Pepper
cardboard84.jpg,Gaussian
cardboard85.jpg,Salt & Pepper
cardboard86.jpg,Gaussian
cardboard87.jpg,Gaussian
cardboard88.jpg,Salt & Pepper
cardboard89.jpg,Salt & Pepper
cardboard9.jpg,Salt & Pepper
cardboard90.jpg,Periodic
cardboard91.jpg,Periodic
cardboard92.jpg,Gaussian
cardboard93.jpg,Salt & Pepper
cardboard94.jpg,Periodic
cardboard95.jpg,Gaussian
cardboard96.jpg,Periodic
cardboard97.jpg,Salt & Pepper
cardboard98.jpg,Salt & Pepper
cardboard99.jpg,Periodic
glass1.jpg,Salt & Pepper
glass10.jpg,Gaussian
glass100.jpg,Gaussian
glass101.jpg,Gaussian
glass102.jpg,Periodic
glass103.jpg,Salt & Pepper
glass104.jpg,Gaussian
glass105.jpg,Periodic
glass106.jpg,Periodic
glass107.jpg,Periodic
glass108.jpg,Periodic
glass109.jpg,Periodic
glass11.jpg,Salt & Pepper
glass110.jpg,Periodic
glass111.jpg,Periodic
glass112.jpg,Gaussian
glass113.jpg,Periodic
glass114.jpg,Periodic
glass115.jpg,Periodic
glass116.jpg,Salt & Pepper
glass117.jpg,Gaussian
glass118.jpg,Salt & Pepper
glass119.jpg,Salt & Pepper
glass12.jpg,Periodic
glass120.jpg,Salt & Pepper
glass121.jpg,Salt & Pepper
glass122.jpg,Periodic
glass123.jpg,Periodic
glass124.jpg,Periodic
glass125.jpg,Salt & Pepper
glass126.jpg,Periodic
glass127.jpg,Gaussian
glass128.jpg,Periodic
glass129.jpg,Gaussian
glass13.jpg,Gaussian
glass130.jpg,Gaussian
glass131.jpg,Salt & Pepper
glass132.jpg,Gaussian
glass133.jpg,Salt & Pepper
glass134.jpg,Gaussian
glass135.jpg,Salt & Pepper
glass136.jpg,Gaussian
glass137.jpg,Periodic
glass138.jpg,Gaussian
glass139.jpg,Gaussian
glass14.jpg,Periodic
glass140.jpg,Gaussian
glass141.jpg,Gaussian
glass142.jpg,Salt & Pepper
glass143.jpg,Salt & Pepper
glass144.jpg,Periodic
glass145.jpg,Salt & Pepper
glass146.jpg,Periodic
glass147.jpg,Periodic
glass148.jpg,Gaussian
glass149.jpg,Salt & Pepper
glass15.jpg,Gaussian
glass150.jpg,Periodic
glass151.jpg,Periodic
glass152.jpg,Salt & Pepper
glass153.jpg,Gaussian
glass154.jpg,Gaussian
glass155.jpg,Salt & Pepper
glass156.jpg,Periodic
glass157.jpg,Gaussian
glass158.jpg,Gaussian
glass159.jpg,Periodic
glass16.jpg,Periodic
glass160.jpg,Gaussian
glass161.jpg,Salt & Pepper
glass162.jpg,Periodic
glass163.jpg,Salt & Pepper
glass164.jpg,Gaussian
glass165.jpg,Salt & Pepper
glass166.jpg,Periodic
glass167.jpg,Periodic
glass168.jpg,Salt & Pepper
glass169.jpg,Salt & Pepper
glass17.jpg,Salt & Pepper
glass170.jpg,Periodic
glass171.jpg,Salt & Pepper
glass172.jpg,Salt & Pepper
glass173.jpg,Salt & Pepper
glass174.jpg,Salt & Pepper
glass175.jpg,Periodic
glass176.jpg,Periodic
glass177.jpg,Salt & Pepper
glass178.jpg,Periodic
glass179.jpg,Salt & Pepper
glass18.jpg,Periodic
glass180.jpg,Gaussian
glass181.jpg,Gaussian
glass182.jpg,Gaussian
glass183.jpg,Salt & Pepper
glass184.jpg,Salt & Pepper
glass185.jpg,Salt & Pepper
glass186.jpg,Salt & Pepper
glass187.jpg,Salt & Pepper
glass188.jpg,Salt & Pepper
glass189.jpg,Salt & Pepper
glass19.jpg,Periodic
glass190.jpg,Salt & Pepper
glass191.jpg,Periodic
glass192.jpg,Periodic
glass193.jpg,Gaussian
glass194.jpg,Gaussian
glass195.jpg,Periodic
glass196.jpg,Gaussian
glass197.jpg,Salt & Pepper
glass198.jpg,Periodic
glass199.jpg,Salt & Pepper
glass2.jpg,Salt & Pepper
glass20.jpg,Periodic
glass200.jpg,Gaussian
glass201.jpg,Gaussian
glass202.jpg,Gaussian
glass203.jpg,Periodic
glass204.jpg,Salt & Pepper
glass205.jpg,Gaussian
glass206.jpg,Periodic
glass207.jpg,Gaussian
glass208.jpg,Periodic
glass209.jpg,Periodic
glass21.jpg,Salt & Pepper
glass210.jpg,Salt & Pepper
glass211.jpg,Gaussian
glass212.jpg,Periodic
glass213.jpg,Gaussian
glass214.jpg,Salt & Pepper
glass215.jpg,Salt & Pepper
glass216.jpg,Periodic
glass217.jpg,Periodic
glass218.jpg,Salt & Pepper
glass219.jpg,Periodic
glass22.jpg,Periodic
glass220.jpg,Salt & Pepper
glass221.jpg,Periodic
glass222.jpg,Salt & Pepper
glass223.jpg,Gaussian
glass224.jpg,Salt & Pepper
glass225.jpg,Salt & Pepper
glass226.jpg,Periodic
glass227.jpg,Salt & Pepper
glass228.jpg,Salt & Pepper
glass229.jpg,Gaussian
glass23.jpg,Gaussian
glass230.jpg,Salt & Pepper
glass231.jpg,Salt & Pepper
glass232.jpg,Periodic
glass233.jpg,Periodic
glass234.jpg,Periodic
glass235.jpg,Gaussian
glass236.jpg,Periodic
glass237.jpg,Salt & Pepper
glass238.jpg,Gaussian
glass239.jpg,Periodic
glass24.jpg,Salt & Pepper
glass240.jpg,Gaussian
glass241.jpg,Gaussian
glass242.jpg,Periodic
glass243.jpg,Salt & Pepper
glass244.jpg,Salt & Pepper
glass245.jpg,Periodic
glass246.jpg,Salt & Pepper
glass247.jpg,Salt & Pepper
glass248.jpg,Periodic
glass249.jpg,Salt & Pepper
glass25.jpg,Salt & Pepper
glass250.jpg,Gaussian
glass251.jpg,Salt & Pepper
glass252.jpg,Periodic
glass253.jpg,Gaussian
glass254.jpg,Periodic
glass255.jpg,Salt & Pepper
glass256.jpg,Periodic
glass257.jpg,Gaussian
glass258.jpg,Salt & Pepper
glass259.jpg,Salt & Pepper
glass26.jpg,Salt & Pepper
glass260.jpg,Periodic
glass261.jpg,Salt & Pepper
glass262.jpg,Gaussian
glass263.jpg,Salt & Pepper
glass264.jpg,Periodic
glass265.jpg,Gaussian
glass266.jpg,Periodic
glass267.jpg,Salt & Pepper
glass268.jpg,Salt & Pepper
glass269.jpg,Gaussian
glass27.jpg,Salt & Pepper
glass270.jpg,Gaussian
glass271.jpg,Salt & Pepper
glass272.jpg,Gaussian
glass273.jpg,Periodic
glass274.jpg,Gaussian
glass275.jpg,Periodic
glass276.jpg,Gaussian
glass277.jpg,Gaussian
glass278.jpg,Salt & Pepper
glass279.jpg,Periodic
glass28.jpg,Periodic
glass281.jpg,Salt & Pepper
glass282.jpg,Salt & Pepper
glass283.jpg,Salt & Pepper
glass284.jpg,Periodic
glass285.jpg,Periodic
glass286.jpg,Gaussian
glass287.jpg,Salt & Pepper
glass288.jpg,Gaussian
glass289.jpg,Gaussian
glass29.jpg,Gaussian
glass290.jpg,Gaussian
glass291.jpg,Salt & Pepper
glass292.jpg,Salt & Pepper
glass293.jpg,Gaussian
glass294.jpg,Salt & Pepper
glass295.jpg,Periodic
glass296.jpg,Gaussian
glass297.jpg,Salt & Pepper
glass298.jpg,Periodic
glass299.jpg,Salt & Pepper
glass3.jpg,Periodic
glass30.jpg,Periodic
glass300.jpg,Salt & Pepper
glass31.jpg,Gaussian
glass32.jpg,Gaussian
glass33.jpg,Periodic
glass34.jpg,Salt & Pepper
glass35.jpg,Salt & Pepper
glass36.jpg,Periodic
glass37.jpg,Salt & Pepper
glass38.jpg,Periodic
glass39.jpg,Salt & Pepper
glass4.jpg,Periodic
glass40.jpg,Salt & Pepper
glass41.jpg,Periodic
glass42.jpg,Gaussian
glass43.jpg,Gaussian
glass44.jpg,Periodic
glass45.jpg,Periodic
glass46.jpg,Periodic
glass47.jpg,Gaussian
glass48.jpg,Periodic
glass49.jpg,Salt & Pepper
glass5.jpg,Periodic
glass50.jpg,Periodic
glass51.jpg,Gaussian
glass52.jpg,Salt & Pepper
glass53.jpg,Salt & Pepper
glass54.jpg,Periodic
glass55.jpg,Gaussian
glass56.jpg,Salt & Pepper
glass57.jpg,Salt & Pepper
glass58.jpg,Periodic
glass59.jpg,Salt & Pepper
glass6.jpg,Salt & Pepper
glass60.jpg,Salt & Pepper
glass61.jpg,Salt & Pepper
glass62.jpg,Gaussian
glass63.jpg,Salt & Pepper
glass64.jpg,Gaussian
glass65.jpg,Periodic
glass66.jpg,Periodic
glass67.jpg,Periodic
glass68.jpg,Gaussian
glass69.jpg,Salt & Pepper
glass7.jpg,Gaussian
glass70.jpg,Salt & Pepper
glass71.jpg,Gaussian
glass72.jpg,Periodic
glass73.jpg,Periodic
glass74.jpg,Salt & Pepper
glass75.jpg,Gaussian
glass76.jpg,Salt & Pepper
glass77.jpg,Gaussian
glass78.jpg,Salt & Pepper
glass79.jpg,Periodic
glass8.jpg,Salt & Pepper
glass80.jpg,Periodic
glass81.jpg,Salt & Pepper
glass82.jpg,Salt & Pepper
glass83.jpg,Salt & Pepper
glass84.jpg,Gaussian
glass85.jpg,Gaussian
glass86.jpg,Periodic
glass87.jpg,Gaussian
glass88.jpg,Salt & Pepper
glass89.jpg,Periodic
glass9.jpg,Gaussian
glass90.jpg,Periodic
glass91.jpg,Periodic
glass92.jpg,Gaussian
glass93.jpg,Periodic
glass94.jpg,Salt & Pepper
glass95.jpg,Periodic
glass96.jpg,Salt & Pepper
glass97.jpg,Gaussian
glass98.jpg,Periodic
glass99.jpg,Gaussian
metal1.jpg,Gaussian
metal10.jpg,Periodic
metal100.jpg,Periodic
metal101.jpg,Salt & Pepper
metal102.jpg,Salt & Pepper
metal103.jpg,Gaussian
metal104.jpg,Periodic
metal105.jpg,Gaussian
metal106.jpg,Gaussian
metal107.jpg,Salt & Pepper
metal108.jpg,Periodic
metal109.jpg,Salt & Pepper
metal11.jpg,Gaussian
metal110.jpg,Salt & Pepper
metal111.jpg,Periodic
metal112.jpg,Periodic
metal113.jpg,Salt & Pepper
metal114.jpg,Salt & Pepper
metal115.jpg,Periodic
metal116.jpg,Periodic
metal117.jpg,Periodic
metal118.jpg,Gaussian
metal119.jpg,Gaussian
metal12.jpg,Salt & Pepper
metal120.jpg,Periodic
metal121.jpg,Salt & Pepper
metal122.jpg,Periodic
metal123.jpg,Gaussian
metal124.jpg,Salt & Pepper
metal125.jpg,Salt & Pepper
metal126.jpg,Salt & Pepper
metal127.jpg,Gaussian
metal128.jpg,Periodic
metal129.jpg,Periodic
metal13.jpg,Gaussian
metal130.jpg,Gaussian
metal131.jpg,Salt & Pepper
metal132.jpg,Periodic
metal133.jpg,Salt & Pepper
metal134.jpg,Gaussian
metal135.jpg,Salt & Pepper
metal136.jpg,Salt & Pepper
metal137.jpg,Periodic
metal138.jpg,Salt & Pepper
metal139.jpg,Periodic
metal14.jpg,Gaussian
metal140.jpg,Salt & Pepper
metal141.jpg,Salt & Pepper
metal142.jpg,Periodic
metal143.jpg,Salt & Pepper
metal144.jpg,Gaussian
metal145.jpg,Salt & Pepper
metal146.jpg,Gaussian
metal147.jpg,Periodic
metal148.jpg,Periodic
metal149.jpg,Periodic
metal15.jpg,Gaussian
metal150.jpg,Salt & Pepper
metal151.jpg,Periodic
metal152.jpg,Periodic
metal153.jpg,Salt & Pepper
metal154.jpg,Periodic
metal155.jpg,Gaussian
metal156.jpg,Periodic
metal157.jpg,Periodic
metal158.jpg,Periodic
metal159.jpg,Periodic
metal16.jpg,Salt & Pepper
metal160.jpg,Gaussian
metal161.jpg,Salt & Pepper
metal162.jpg,Gaussian
metal163.jpg,Salt & Pepper
metal164.jpg,Gaussian
metal165.jpg,Gaussian
metal166.jpg,Salt & Pepper
metal167.jpg,Periodic
metal168.jpg,Gaussian
metal169.jpg,Salt & Pepper
metal17.jpg,Periodic
metal170.jpg,Gaussian
metal171.jpg,Gaussian
metal172.jpg,Gaussian
metal173.jpg,Periodic
metal174.jpg,Gaussian
metal175.jpg,Gaussian
metal176.jpg,Periodic
metal177.jpg,Salt & Pepper
metal178.jpg,Periodic
metal179.jpg,Periodic
metal18.jpg,Periodic
metal180.jpg,Gaussian
metal181.jpg,Salt & Pepper
metal182.jpg,Periodic
metal183.jpg,Periodic
metal184.jpg,Periodic
metal185.jpg,Periodic
metal186.jpg,Periodic
metal187.jpg,Periodic
metal188.jpg,Gaussian
metal189.jpg,Gaussian
metal19.jpg,Salt & Pepper
metal190.jpg,Gaussian
metal191.jpg,Gaussian
metal192.jpg,Gaussian
metal193.jpg,Salt & Pepper
metal194.jpg,Periodic
metal195.jpg,Periodic
metal196.jpg,Salt & Pepper
metal197.jpg,Salt & Pepper
metal198.jpg,Salt & Pepper
metal199.jpg,Gaussian
metal2.jpg,Gaussian
metal20.jpg,Salt & Pepper
metal200.jpg,Salt & Pepper
metal201.jpg,Periodic
metal202.jpg,Periodic
metal203.jpg,Gaussian
metal204.jpg,Salt & Pepper
metal205.jpg,Gaussian
metal206.jpg,Gaussian
metal207.jpg,Periodic
metal208.jpg,Gaussian
metal209.jpg,Gaussian
metal21.jpg,Periodic
metal210.jpg,Gaussian
metal211.jpg,Gaussian
metal212.jpg,Gaussian
metal213.jpg,Salt & Pepper
metal214.jpg,Periodic
metal215.jpg,Salt & Pepper
metal216.jpg,Gaussian
metal217.jpg,Salt & Pepper
metal218.jpg,Gaussian
metal219.jpg,Gaussian
metal22.jpg,Salt & Pepper
metal220.jpg,Periodic
metal221.jpg,Gaussian
metal222.jpg,Salt & Pepper
metal223.jpg,Gaussian
metal224.jpg,Periodic
metal225.jpg,Periodic
metal226.jpg,Salt & Pepper
metal227.jpg,Salt & Pepper
metal228.jpg,Periodic
metal229.jpg,Salt & Pepper
metal23.jpg,Gaussian
metal230.jpg,Gaussian
metal231.jpg,Salt & Pepper
metal232.jpg,Periodic
metal233.jpg,Gaussian
metal234.jpg,Salt & Pepper
metal235.jpg,Gaussian
metal236.jpg,Salt & Pepper
metal237.jpg,Gaussian
metal238.jpg,Salt & Pepper
metal239.jpg,Gaussian
metal24.jpg,Gaussian
metal240.jpg,Periodic
metal241.jpg,Salt & Pepper
metal242.jpg,Periodic
metal243.jpg,Salt & Pepper
metal244.jpg,Periodic
metal245.jpg,Gaussian
metal246.jpg,Periodic
metal247.jpg,Gaussian
metal248.jpg,Gaussian
metal249.jpg,Salt & Pepper
metal25.jpg,Salt & Pepper
metal250.jpg,Periodic
metal251.jpg,Salt & Pepper
metal252.jpg,Salt & Pepper
metal253.jpg,Salt & Pepper
metal254.jpg,Periodic
metal255.jpg,Gaussian
metal256.jpg,Gaussian
metal257.jpg,Salt & Pepper
metal258.jpg,Periodic
metal259.jpg,Gaussian
metal26.jpg,Gaussian
metal260.jpg,Periodic
metal261.jpg,Periodic
metal262.jpg,Salt & Pepper
metal263.jpg,Periodic
metal264.jpg,Periodic
metal265.jpg,Salt & Pepper
metal266.jpg,Salt & Pepper
metal267.jpg,Gaussian
metal268.jpg,Periodic
metal269.jpg,Gaussian
metal27.jpg,Gaussian
metal270.jpg,Salt & Pepper
metal271.jpg,Salt & Pepper
metal272.jpg,Salt & Pepper
metal273.jpg,Gaussian
metal274.jpg,Periodic
metal275.jpg,Periodic
metal276.jpg,Gaussian
metal277.jpg,Salt & Pepper
metal278.jpg,Salt & Pepper
metal279.jpg,Gaussian
metal28.jpg,Gaussian
metal280.jpg,Periodic
metal281.jpg,Gaussian
metal282.jpg,Periodic
metal283.jpg,Gaussian
metal284.jpg,Gaussian
metal285.jpg,Salt & Pepper
metal286.jpg,Salt & Pepper
metal287.jpg,Salt & Pepper
metal288.jpg,Periodic
metal289.jpg,Periodic
metal29.jpg,Gaussian
metal290.jpg,Gaussian
metal291.jpg,Gaussian
metal292.jpg,Salt & Pepper
metal293.jpg,Periodic
metal294.jpg,Salt & Pepper
metal295.jpg,Salt & Pepper
metal296.jpg,Salt & Pepper
metal297.jpg,Periodic
metal298.jpg,Salt & Pepper
metal299.jpg,Gaussian
metal3.jpg,Periodic
metal30.jpg,Periodic
metal300.jpg,Gaussian
metal31.jpg,Salt & Pepper
metal32.jpg,Gaussian
metal33.jpg,Gaussian
metal34.jpg,Gaussian
metal35.jpg,Salt & Pepper
metal36.jpg,Gaussian
metal37.jpg,Gaussian
metal38.jpg,Periodic
metal39.jpg,Gaussian
metal4.jpg,Salt & Pepper
metal40.jpg,Periodic
metal41.jpg,Periodic
metal42.jpg,Gaussian
metal43.jpg,Periodic
metal44.jpg,Salt & Pepper
metal45.jpg,Salt & Pepper
metal46.jpg,Salt & Pepper
metal47.jpg,Periodic
metal48.jpg,Salt & Pepper
metal49.jpg,Salt & Pepper
metal5.jpg,Salt & Pepper
metal50.jpg,Salt & Pepper
metal51.jpg,Periodic
metal52.jpg,Periodic
metal53.jpg,Gaussian
metal54.jpg,Gaussian
metal55.jpg,Salt & Pepper
metal56.jpg,Salt & Pepper
metal57.jpg,Gaussian
metal58.jpg,Salt & Pepper
metal59.jpg,Gaussian
metal6.jpg,Gaussian
metal60.jpg,Periodic
metal61.jpg,Periodic
metal62.jpg,Salt & Pepper
metal63.jpg,Periodic
metal64.jpg,Gaussian
metal65.jpg,Gaussian
metal66.jpg,Gaussian
metal67.jpg,Periodic
metal68.jpg,Periodic
metal69.jpg,Gaussian
metal7.jpg,Salt & Pepper
metal70.jpg,Periodic
metal71.jpg,Periodic
metal72.jpg,Periodic
metal73.jpg,Gaussian
metal74.jpg,Gaussian
metal75.jpg,Salt & Pepper
metal76.jpg,Salt & Pepper
metal77.jpg,Gaussian
metal78.jpg,Periodic
metal79.jpg,Salt & Pepper
metal8.jpg,Salt & Pepper
metal80.jpg,Gaussian
metal81.jpg,Salt & Pepper
metal82.jpg,Periodic
metal83.jpg,Periodic
metal84.jpg,Salt & Pepper
metal85.jpg,Periodic
metal86.jpg,Salt & Pepper
metal87.jpg,Periodic
metal88.jpg,Salt & Pepper
metal89.jpg,Salt & Pepper
metal9.jpg,Gaussian
metal90.jpg,Salt & Pepper
metal91.jpg,Gaussian
metal92.jpg,Periodic
metal93.jpg,Gaussian
metal94.jpg,Periodic
metal95.jpg,Salt & Pepper
metal96.jpg,Periodic
metal97.jpg,Salt & Pepper
metal98.jpg,Salt & Pepper
metal99.jpg,Salt & Pepper
paper1.jpg,Periodic
paper10.jpg,Periodic
paper100.jpg,Gaussian
paper101.jpg,Gaussian
paper102.jpg,Periodic
paper103.jpg,Salt & Pepper
paper104.jpg,Periodic
paper105.jpg,Salt & Pepper
paper106.jpg,Periodic
paper107.jpg,Salt & Pepper
paper108.jpg,Periodic
paper109.jpg,Gaussian
paper11.jpg,Periodic
paper110.jpg,Salt & Pepper
paper111.jpg,Salt & Pepper
paper112.jpg,Gaussian
paper113.jpg,Gaussian
paper114.jpg,Periodic
paper115.jpg,Gaussian
paper116.jpg,Salt & Pepper
paper117.jpg,Gaussian
paper118.jpg,Salt & Pepper
paper119.jpg,Gaussian
paper12.jpg,Gaussian
paper120.jpg,Salt & Pepper
paper121.jpg,Periodic
paper122.jpg,Periodic
paper123.jpg,Periodic
paper124.jpg,Periodic
paper125.jpg,Gaussian
paper126.jpg,Gaussian
paper127.jpg,Gaussian
paper128.jpg,Gaussian
paper129.jpg,Salt & Pepper
paper13.jpg,Periodic
paper130.jpg,Salt & Pepper
paper131.jpg,Gaussian
paper132.jpg,Gaussian
paper133.jpg,Salt & Pepper
paper134.jpg,Salt & Pepper
paper135.jpg,Salt & Pepper
paper136.jpg,Salt & Pepper
paper137.jpg,Periodic
paper138.jpg,Gaussian
paper139.jpg,Periodic
paper14.jpg,Salt & Pepper
paper140.jpg,Periodic
paper141.jpg,Salt & Pepper
paper142.jpg,Gaussian
paper143.jpg,Gaussian
paper144.jpg,Gaussian
paper145.jpg,Salt & Pepper
paper146.jpg,Periodic
paper147.jpg,Salt & Pepper
paper148.jpg,Gaussian
paper149.jpg,Salt & Pepper
paper15.jpg,Salt & Pepper
paper150.jpg,Salt & Pepper
paper151.jpg,Salt & Pepper
paper152.jpg,Salt & Pepper
paper153.jpg,Salt & Pepper
paper154.jpg,Gaussian
paper155.jpg,Gaussian
paper156.jpg,Gaussian
paper157.jpg,Gaussian
paper158.jpg,Salt & Pepper
paper159.jpg,Periodic
paper16.jpg,Salt & Pepper
paper160.jpg,Gaussian
paper161.jpg,Gaussian
paper162.jpg,Gaussian
paper163.jpg,Periodic
paper164.jpg,Gaussian
paper165.jpg,Gaussian
paper166.jpg,Gaussian
paper167.jpg,Gaussian
paper168.jpg,Periodic
paper169.jpg,Gaussian
paper17.jpg,Salt & Pepper
paper170.jpg,Periodic
paper171.jpg,Periodic
paper172.jpg,Periodic
paper173.jpg,Salt & Pepper
paper174.jpg,Gaussian
paper175.jpg,Salt & Pepper
paper176.jpg,Periodic
paper177.jpg,Gaussian
paper178.jpg,Periodic
paper179.jpg,Gaussian
paper18.jpg,Periodic
paper180.jpg,Salt & Pepper
paper181.jpg,Gaussian
paper182.jpg,Salt & Pepper
paper183.jpg,Periodic
paper184.jpg,Salt & Pepper
paper185.jpg,Salt & Pepper
paper186.jpg,Periodic
paper187.jpg,Periodic
paper188.jpg,Gaussian
paper189.jpg,Salt & Pepper
paper19.jpg,Salt & Pepper
paper190.jpg,Periodic
paper191.jpg,Periodic
paper192.jpg,Periodic
paper193.jpg,Gaussian
paper194.jpg,Periodic
paper195.jpg,Gaussian
paper196.jpg,Gaussian
paper197.jpg,Gaussian
paper198.jpg,Salt & Pepper
paper199.jpg,Periodic
paper2.jpg,Periodic
paper20.jpg,Salt & Pepper
paper200.jpg,Periodic
paper201.jpg,Salt & Pepper
paper202.jpg,Gaussian
paper203.jpg,Salt & Pepper
paper204.jpg,Salt & Pepper
paper205.jpg,Salt & Pepper
paper206.jpg,Salt & Pepper
paper207.jpg,Gaussian
paper208.jpg,Periodic
paper209.jpg,Salt & Pepper
paper21.jpg,Salt & Pepper
paper210.jpg,Periodic
paper211.jpg,Gaussian
paper212.jpg,Periodic
paper213.jpg,Periodic
paper214.jpg,Salt & Pepper
paper215.jpg,Gaussian
paper216.jpg,Periodic
paper217.jpg,Salt & Pepper
paper218.jpg,Periodic
paper219.jpg,Gaussian
paper22.jpg,Salt & Pepper
paper220.jpg,Gaussian
paper221.jpg,Periodic
paper222.jpg,Salt & Pepper
paper223.jpg,Gaussian
paper224.jpg,Salt & Pepper
paper225.jpg,Periodic
paper226.jpg,Gaussian
paper227.jpg,Periodic
paper228.jpg,Gaussian
paper229.jpg,Gaussian
paper23.jpg,Periodic
paper230.jpg,Salt & Pepper
paper231.jpg,Periodic
paper232.jpg,Gaussian
paper233.jpg,Periodic
paper234.jpg,Salt & Pepper
paper235.jpg,Salt & Pepper
paper236.jpg,Periodic
paper237.jpg,Periodic
paper238.jpg,Salt & Pepper
paper239.jpg,Periodic
paper24.jpg,Gaussian
paper240.jpg,Gaussian
paper241.jpg,Salt & Pepper
paper242.jpg,Salt & Pepper
paper243.jpg,Gaussian
paper244.jpg,Salt & Pepper
paper245.jpg,Gaussian
paper246.jpg,Salt & Pepper
paper247.jpg,Gaussian
paper248.jpg,Gaussian
paper249.jpg,Salt & Pepper
paper25.jpg,Periodic
paper250.jpg,Gaussian
paper251.jpg,Periodic
paper252.jpg,Periodic
paper253.jpg,Periodic
paper254.jpg,Salt & Pepper
paper255.jpg,Periodic
paper256.jpg,Salt & Pepper
paper257.jpg,Gaussian
paper258.jpg,Gaussian
paper259.jpg,Gaussian
paper26.jpg,Gaussian
paper260.jpg,Periodic
paper261.jpg,Salt & Pepper
paper262.jpg,Gaussian
paper263.jpg,Gaussian
paper264.jpg,Salt & Pepper
paper265.jpg,Periodic
paper266.jpg,Periodic
paper267.jpg,Salt & Pepper
paper268.jpg,Gaussian
paper269.jpg,Salt & Pepper
paper27.jpg,Salt & Pepper
paper270.jpg,Periodic
paper271.jpg,Gaussian
paper272.jpg,Periodic
paper273.jpg,Gaussian
paper274.jpg,Periodic
paper275.jpg,Gaussian
paper276.jpg,Gaussian
paper277.jpg,Gaussian
paper278.jpg,Salt & Pepper
paper279.jpg,Salt & Pepper
paper28.jpg,Salt & Pepper
paper280.jpg,Salt & Pepper
paper281.jpg,Periodic
paper282.jpg,Gaussian
paper283.jpg,Periodic
paper284.jpg,Periodic
paper285.jpg,Periodic
paper286.jpg,Gaussian
paper287.jpg,Periodic
paper288.jpg,Periodic
paper289.jpg,Gaussian
paper29.jpg,Gaussian
paper290.jpg,Salt & Pepper
paper291.jpg,Periodic
paper292.jpg,Periodic
paper293.jpg,Salt & Pepper
paper294.jpg,Salt & Pepper
paper295.jpg,Salt & Pepper
paper296.jpg,Periodic
paper297.jpg,Salt & Pepper
paper298.jpg,Gaussian
paper299.jpg,Gaussian
paper3.jpg,Salt & Pepper
paper30.jpg,Salt & Pepper
paper300.jpg,Salt & Pepper
paper31.jpg,Gaussian
paper32.jpg,Periodic
paper33.jpg,Periodic
paper34.jpg,Salt & Pepper
paper35.jpg,Salt & Pepper
paper36.jpg,Periodic
paper37.jpg,Salt & Pepper
paper38.jpg,Salt & Pepper
paper39.jpg,Salt & Pepper
paper4.jpg,Gaussian
paper40.jpg,Gaussian
paper41.jpg,Salt & Pepper
paper42.jpg,Periodic
paper43.jpg,Gaussian
paper44.jpg,Salt & Pepper
paper45.jpg,Periodic
paper46.jpg,Gaussian
paper47.jpg,Salt & Pepper
paper48.jpg,Salt & Pepper
paper49.jpg,Salt & Pepper
paper5.jpg,Gaussian
paper50.jpg,Salt & Pepper
paper51.jpg,Salt & Pepper
paper52.jpg,Gaussian
paper53.jpg,Salt & Pepper
paper54.jpg,Gaussian
paper55.jpg,Salt & Pepper
paper56.jpg,Periodic
paper57.jpg,Salt & Pepper
paper58.jpg,Gaussian
paper59.jpg,Salt & Pepper
paper6.jpg,Salt & Pepper
paper60.jpg,Salt & Pepper
paper61.jpg,Gaussian
paper62.jpg,Gaussian
paper63.jpg,Periodic
paper64.jpg,Salt & Pepper
paper65.jpg,Salt & Pepper
paper66.jpg,Salt & Pepper
paper67.jpg,Salt & Pepper
paper68.jpg,Salt & Pepper
paper69.jpg,Periodic
paper7.jpg,Gaussian
paper70.jpg,Salt & Pepper
paper71.jpg,Salt & Pepper
paper72.jpg,Salt & Pepper
paper73.jpg,Gaussian
paper74.jpg,Periodic
paper75.jpg,Periodic
paper76.jpg,Gaussian
paper77.jpg,Gaussian
paper78.jpg,Salt & Pepper
paper79.jpg,Salt & Pepper
paper8.jpg,Periodic
paper80.jpg,Salt & Pepper
paper81.jpg,Salt & Pepper
paper82.jpg,Salt & Pepper
paper83.jpg,Periodic
paper84.jpg,Periodic
paper85.jpg,Periodic
paper86.jpg,Periodic
paper87.jpg,Salt & Pepper
paper88.jpg,Salt & Pepper
paper89.jpg,Periodic
paper9.jpg,Salt & Pepper
paper90.jpg,Salt & Pepper
paper91.jpg,Periodic
paper92.jpg,Salt & Pepper
paper93.jpg,Periodic
paper94.jpg,Periodic
paper95.jpg,Periodic
paper96.jpg,Gaussian
paper97.jpg,Periodic
paper98.jpg,Gaussian
paper99.jpg,Gaussian
plastic1.jpg,Periodic
plastic10.jpg,Gaussian
plastic100.jpg,Salt & Pepper
plastic101.jpg,Salt & Pepper
plastic102.jpg,Salt & Pepper
plastic103.jpg,Salt & Pepper
plastic104.jpg,Periodic
plastic105.jpg,Periodic
plastic106.jpg,Periodic
plastic107.jpg,Periodic
plastic108.jpg,Periodic
plastic109.jpg,Periodic
plastic11.jpg,Periodic
plastic110.jpg,Salt & Pepper
plastic111.jpg,Salt & Pepper
plastic112.jpg,Salt & Pepper
plastic113.jpg,Salt & Pepper
plastic114.jpg,Periodic
plastic115.jpg,Gaussian
plastic116.jpg,Salt & Pepper
plastic117.jpg,Salt & Pepper
plastic118.jpg,Salt & Pepper
plastic119.jpg,Periodic
plastic12.jpg,Periodic
plastic120.jpg,Salt & Pepper
plastic121.jpg,Salt & Pepper
plastic122.jpg,Periodic
plastic123.jpg,Salt & Pepper
plastic124.jpg,Periodic
plastic125.jpg,Salt & Pepper
plastic126.jpg,Gaussian
plastic127.jpg,Gaussian
plastic128.jpg,Periodic
plastic129.jpg,Salt & Pepper
plastic13.jpg,Periodic
plastic130.jpg,Periodic
plastic131.jpg,Gaussian
plastic132.jpg,Periodic
plastic133.jpg,Periodic
plastic134.jpg,Gaussian
plastic135.jpg,Periodic
plastic136.jpg,Gaussian
plastic137.jpg,Periodic
plastic138.jpg,Periodic
plastic139.jpg,Gaussian
plastic14.jpg,Salt & Pepper
plastic140.jpg,Periodic
plastic141.jpg,Gaussian
plastic142.jpg,Gaussian
plastic143.jpg,Gaussian
plastic144.jpg,Periodic
plastic145.jpg,Salt & Pepper
plastic146.jpg,Salt & Pepper
plastic147.jpg,Salt & Pepper
plastic148.jpg,Gaussian
plastic149.jpg,Gaussian
plastic15.jpg,Periodic
plastic150.jpg,Gaussian
plastic151.jpg,Gaussian
plastic152.jpg,Salt & Pepper
plastic153.jpg,Gaussian
plastic154.jpg,Gaussian
plastic155.jpg,Salt & Pepper
plastic156.jpg,Periodic
plastic157.jpg,Salt & Pepper
plastic158.jpg,Salt & Pepper
plastic159.jpg,Periodic
plastic16.jpg,Gaussian
plastic160.jpg,Salt & Pepper
plastic161.jpg,Gaussian
plastic162.jpg,Salt & Pepper
plastic163.jpg,Periodic
plastic164.jpg,Periodic
plastic165.jpg,Periodic
plastic166.jpg,Gaussian
plastic167.jpg,Salt & Pepper
plastic168.jpg,Periodic
plastic169.jpg,Gaussian
plastic17.jpg,Periodic
plastic170.jpg,Salt & Pepper
plastic171.jpg,Salt & Pepper
plastic172.jpg,Salt & Pepper
plastic173.jpg,Gaussian
plastic174.jpg,Salt & Pepper
plastic175.jpg,Gaussian
plastic176.jpg,Salt & Pepper
plastic177.jpg,Gaussian
plastic178.jpg,Salt & Pepper
plastic179.jpg,Salt & Pepper
plastic18.jpg,Periodic
plastic180.jpg,Salt & Pepper
plastic181.jpg,Periodic
plastic182.jpg,Gaussian
plastic183.jpg,Salt & Pepper
plastic184.jpg,Gaussian
plastic185.jpg,Periodic
plastic186.jpg,Periodic
plastic187.jpg,Periodic
plastic188.jpg,Salt & Pepper
plastic189.jpg,Gaussian
plastic19.jpg,Gaussian
plastic190.jpg,Gaussian
plastic191.jpg,Periodic
plastic192.jpg,Salt & Pepper
plastic193.jpg,Salt & Pepper
plastic194.jpg,Periodic
plastic195.jpg,Gaussian
plastic196.jpg,Gaussian
plastic197.jpg,Salt & Pepper
plastic198.jpg,Periodic
plastic199.jpg,Gaussian
plastic2.jpg,Gaussian
plastic20.jpg,Periodic
plastic200.jpg,Periodic
plastic201.jpg,Gaussian
plastic202.jpg,Periodic
plastic203.jpg,Gaussian
plastic204.jpg,Periodic
plastic205.jpg,Gaussian
plastic206.jpg,Salt & Pepper
plastic207.jpg,Salt & Pepper
plastic208.jpg,Periodic
plastic209.jpg,Salt & Pepper
plastic21.jpg,Gaussian
plastic210.jpg,Salt & Pepper
plastic211.jpg,Periodic
plastic212.jpg,Salt & Pepper
plastic213.jpg,Gaussian
plastic214.jpg,Periodic
plastic215.jpg,Gaussian
plastic216.jpg,Salt & Pepper
plastic217.jpg,Periodic
plastic218.jpg,Gaussian
plastic219.jpg,Gaussian
plastic22.jpg,Salt & Pepper
plastic220.jpg,Gaussian
plastic221.jpg,Salt & Pepper
plastic222.jpg,Salt & Pepper
plastic223.jpg,Salt & Pepper
plastic224.jpg,Periodic
plastic225.jpg,Periodic
plastic226.jpg,Gaussian
plastic227.jpg,Periodic
plastic228.jpg,Periodic
plastic229.jpg,Periodic
plastic23.jpg,Gaussian
plastic230.jpg,Salt & Pepper
plastic231.jpg,Periodic
plastic232.jpg,Periodic
plastic233.jpg,Gaussian
plastic234.jpg,Salt & Pepper
plastic235.jpg,Gaussian
plastic236.jpg,Gaussian
plastic237.jpg,Gaussian
plastic238.jpg,Periodic
plastic239.jpg,Gaussian
plastic24.jpg,Gaussian
plastic240.jpg,Periodic
plastic241.jpg,Salt & Pepper
plastic242.jpg,Periodic
plastic243.jpg,Gaussian
plastic244.jpg,Salt & Pepper
plastic245.jpg,Gaussian
plastic246.jpg,Gaussian
plastic247.jpg,Gaussian
plastic248.jpg,Salt & Pepper
plastic249.jpg,Periodic
plastic25.jpg,Periodic
plastic250.jpg,Gaussian
plastic251.jpg,Gaussian
plastic252.jpg,Gaussian
plastic253.jpg,Salt & Pepper
plastic254.jpg,Gaussian
plastic255.jpg,Periodic
plastic256.jpg,Periodic
plastic257.jpg,Periodic
plastic258.jpg,Gaussian
plastic259.jpg,Periodic
plastic26.jpg,Periodic
plastic260.jpg,Periodic
plastic262.jpg,Salt & Pepper
plastic263.jpg,Salt & Pepper
plastic264.jpg,Gaussian
plastic265.jpg,Salt & Pepper
plastic266.jpg,Gaussian
plastic267.jpg,Periodic
plastic268.jpg,Salt & Pepper
plastic269.jpg,Periodic
plastic27.jpg,Salt & Pepper
plastic270.jpg,Periodic
plastic271.jpg,Salt & Pepper
plastic272.jpg,Salt & Pepper
plastic273.jpg,Salt & Pepper
plastic274.jpg,Salt & Pepper
plastic275.jpg,Gaussian
plastic276.jpg,Periodic
plastic277.jpg,Gaussian
plastic278.jpg,Salt & Pepper
plastic279.jpg,Periodic
plastic28.jpg,Gaussian
plastic280.jpg,Periodic
plastic281.jpg,Salt & Pepper
plastic282.jpg,Salt & Pepper
plastic283.jpg,Gaussian
plastic284.jpg,Gaussian
plastic285.jpg,Periodic
plastic286.jpg,Gaussian
plastic287.jpg,Periodic
plastic288.jpg,Salt & Pepper
plastic289.jpg,Periodic
plastic29.jpg,Salt & Pepper
plastic290.jpg,Salt & Pepper
plastic291.jpg,Periodic
plastic292.jpg,Salt & Pepper
plastic293.jpg,Salt & Pepper
plastic294.jpg,Salt & Pepper
plastic295.jpg,Gaussian
plastic296.jpg,Salt & Pepper
plastic297.jpg,Salt & Pepper
plastic298.jpg,Salt & Pepper
plastic299.jpg,Periodic
plastic3.jpg,Periodic
plastic30.jpg,Gaussian
plastic300.jpg,Periodic
plastic31.jpg,Salt & Pepper
plastic32.jpg,Gaussian
plastic33.jpg,Gaussian
plastic34.jpg,Periodic
plastic35.jpg,Salt & Pepper
plastic36.jpg,Periodic
plastic37.jpg,Salt & Pepper
plastic38.jpg,Periodic
plastic39.jpg,Salt & Pepper
plastic4.jpg,Periodic
plastic40.jpg,Gaussian
plastic41.jpg,Periodic
plastic42.jpg,Gaussian
plastic43.jpg,Periodic
plastic44.jpg,Periodic
plastic45.jpg,Gaussian
plastic46.jpg,Gaussian
plastic47.jpg,Gaussian
plastic48.jpg,Gaussian
plastic49.jpg,Gaussian
plastic5.jpg,Periodic
plastic50.jpg,Salt & Pepper
plastic51.jpg,Periodic
plastic52.jpg,Periodic
plastic53.jpg,Gaussian
plastic54.jpg,Periodic
plastic55.jpg,Gaussian
plastic56.jpg,Periodic
plastic57.jpg,Periodic
plastic58.jpg,Gaussian
plastic59.jpg,Periodic
plastic6.jpg,Gaussian
plastic60.jpg,Gaussian
plastic61.jpg,Gaussian
plastic62.jpg,Gaussian
plastic63.jpg,Periodic
plastic64.jpg,Salt & Pepper
plastic65.jpg,Salt & Pepper
plastic66.jpg,Salt & Pepper
plastic67.jpg,Salt & Pepper
plastic68.jpg,Gaussian
plastic69.jpg,Salt & Pepper
plastic7.jpg,Periodic
plastic70.jpg,Gaussian
plastic71.jpg,Salt & Pepper
plastic72.jpg,Periodic
plastic73.jpg,Gaussian
plastic74.jpg,Periodic
plastic75.jpg,Gaussian
plastic76.jpg,Salt & Pepper
plastic77.jpg,Periodic
plastic78.jpg,Periodic
plastic79.jpg,Gaussian
plastic8.jpg,Periodic
plastic80.jpg,Salt & Pepper
plastic81.jpg,Gaussian
plastic82.jpg,Periodic
plastic83.jpg,Gaussian
plastic84.jpg,Gaussian
plastic85.jpg,Periodic
plastic86.jpg,Periodic
plastic87.jpg,Gaussian
plastic88.jpg,Gaussian
plastic89.jpg,Gaussian
plastic9.jpg,Salt & Pepper
plastic90.jpg,Salt & Pepper
plastic91.jpg,Periodic
plastic92.jpg,Periodic
plastic93.jpg,Periodic
plastic94.jpg,Gaussian
plastic95.jpg,Salt & Pepper
plastic96.jpg,Gaussian
plastic97.jpg,Periodic
plastic98.jpg,Salt & Pepper
plastic99.jpg,Periodic
trash1.jpg,Salt & Pepper
trash10.jpg,Gaussian
trash100.jpg,Periodic
trash101.jpg,Salt & Pepper
trash102.jpg,Periodic
trash103.jpg,Gaussian
trash104.jpg,Salt & Pepper
trash105.jpg,Periodic
trash106.jpg,Gaussian
trash107.jpg,Gaussian
trash108.jpg,Periodic
trash109.jpg,Periodic
trash11.jpg,Salt & Pepper
trash110.jpg,Gaussian
trash111.jpg,Gaussian
trash112.jpg,Salt & Pepper
trash113.jpg,Salt & Pepper
trash114.jpg,Gaussian
trash115.jpg,Gaussian
trash116.jpg,Salt & Pepper
trash117.jpg,Periodic
trash118.jpg,Gaussian
trash119.jpg,Gaussian
trash12.jpg,Periodic
trash120.jpg,Periodic
trash121.jpg,Salt & Pepper
trash122.jpg,Salt & Pepper
trash123.jpg,Salt & Pepper
trash124.jpg,Periodic
trash125.jpg,Periodic
trash126.jpg,Periodic
trash127.jpg,Gaussian
trash128.jpg,Salt & Pepper
trash129.jpg,Salt & Pepper
trash13.jpg,Gaussian
trash14.jpg,Gaussian
trash15.jpg,Salt & Pepper
trash16.jpg,Salt & Pepper
trash17.jpg,Gaussian
trash18.jpg,Salt & Pepper
trash19.jpg,Periodic
trash2.jpg,Periodic
trash20.jpg,Salt & Pepper
trash21.jpg,Gaussian
trash22.jpg,Gaussian
trash23.jpg,Salt & Pepper
trash24.jpg,Salt & Pepper
trash25.jpg,Salt & Pepper
trash26.jpg,Salt & Pepper
trash27.jpg,Gaussian
trash28.jpg,Salt & Pepper
trash29.jpg,Periodic
trash3.jpg,Salt & Pepper
trash30.jpg,Gaussian
trash31.jpg,Salt & Pepper
trash32.jpg,Periodic
trash33.jpg,Periodic
trash34.jpg,Salt & Pepper
trash35.jpg,Salt & Pepper
trash36.jpg,Salt & Pepper
trash37.jpg,Periodic
trash38.jpg,Periodic
trash39.jpg,Periodic
trash4.jpg,Periodic
trash40.jpg,Periodic
trash41.jpg,Salt & Pepper
trash42.jpg,Periodic
trash43.jpg,Salt & Pepper
trash44.jpg,Gaussian
trash45.jpg,Gaussian
trash46.jpg,Periodic
trash47.jpg,Periodic
trash48.jpg,Salt & Pepper
trash49.jpg,Salt & Pepper
trash5.jpg,Salt & Pepper
trash50.jpg,Salt & Pepper
trash51.jpg,Periodic
trash52.jpg,Periodic
trash53.jpg,Salt & Pepper
trash54.jpg,Periodic
trash55.jpg,Gaussian
trash56.jpg,Periodic
trash57.jpg,Gaussian
trash58.jpg,Gaussian
trash59.jpg,Periodic
trash6.jpg,Salt & Pepper
trash60.jpg,Gaussian
trash61.jpg,Gaussian
trash62.jpg,Gaussian
trash63.jpg,Periodic
trash64.jpg,Salt & Pepper
trash65.jpg,Salt & Pepper
trash66.jpg,Periodic
trash67.jpg,Salt & Pepper
trash68.jpg,Salt & Pepper
trash69.jpg,Salt & Pepper
trash7.jpg,Gaussian
trash70.jpg,Periodic
trash71.jpg,Salt & Pepper
trash72.jpg,Salt & Pepper
trash73.jpg,Gaussian
trash74.jpg,Salt & Pepper
trash75.jpg,Salt & Pepper
trash76.jpg,Salt & Pepper
trash77.jpg,Salt & Pepper
trash78.jpg,Salt & Pepper
trash79.jpg,Periodic
trash8.jpg,Gaussian
trash80.jpg,Periodic
trash81.jpg,Periodic
trash82.jpg,Periodic
trash83.jpg,Periodic
trash84.jpg,Periodic
trash85.jpg,Salt & Pepper
trash86.jpg,Salt & Pepper
trash87.jpg,Gaussian
trash88.jpg,Periodic
trash89.jpg,Gaussian
trash9.jpg,Salt & Pepper
trash90.jpg,Periodic
trash91.jpg,Salt & Pepper
trash92.jpg,Salt & Pepper
trash93.jpg,Gaussian
trash94.jpg,Gaussian
trash95.jpg,Periodic
trash96.jpg,Periodic
trash97.jpg,Periodic
trash98.jpg,Salt & Pepper
trash99.jpg,Gaussian
